{"cameraMode":{"drawMode":0,"name":"Shaded","section":"Shading Mode"},"sceneLighting":false,"audioPlay":false,"sceneViewState":{"showFog":true,"showMaterialUpdate":false,"showSkybox":false,"showFlares":true,"showImageEffects":true,"showParticleSystems":true},"in2DMode":false,"pivot":{"x":-0.5644892454147339,"y":-1.7999999523162842,"z":3.0390000343322756},"rotation":{"x":0.33526697754859927,"y":0.5551546216011047,"z":-0.26025018095970156,"w":0.7153466939926148},"size":1.1431536674499512,"orthographic":false}