{"cameraMode":{"drawMode":0,"name":"Shaded","section":"Shading Mode"},"sceneLighting":false,"audioPlay":false,"sceneViewState":{"showFog":true,"showMaterialUpdate":false,"showSkybox":false,"showFlares":true,"showImageEffects":true,"showParticleSystems":true},"in2DMode":false,"pivot":{"x":-0.5644892454147339,"y":-1.7999999523162842,"z":3.0390000343322756},"rotation":{"x":-0.06128165125846863,"y":0.07627187669277191,"z":-0.004697514232248068,"w":-0.9951971173286438},"size":1.1431536674499512,"orthographic":false}