{"cameraMode":{"drawMode":0,"name":"Shaded","section":"Shading Mode"},"sceneLighting":false,"audioPlay":false,"sceneViewState":{"showFog":true,"showMaterialUpdate":false,"showSkybox":false,"showFlares":true,"showImageEffects":true,"showParticleSystems":true},"in2DMode":false,"pivot":{"x":-0.5644892454147339,"y":-1.7999999523162842,"z":3.0390000343322756},"rotation":{"x":0.19801470637321473,"y":0.04027487337589264,"z":-0.008151596412062645,"w":0.9793583154678345},"size":1.7727710008621216,"orthographic":false}