{"cameraMode":{"drawMode":0,"name":"Shaded","section":"Shading Mode"},"sceneLighting":false,"audioPlay":false,"sceneViewState":{"showFog":true,"showMaterialUpdate":false,"showSkybox":false,"showFlares":true,"showImageEffects":true,"showParticleSystems":true},"in2DMode":false,"pivot":{"x":-0.5644892454147339,"y":-1.7999999523162842,"z":3.0390000343322756},"rotation":{"x":0.18395841121673585,"y":0.39594945311546328,"z":-0.0813015028834343,"w":0.8960081338882446},"size":1.7727710008621216,"orthographic":false}