{"cameraMode":{"drawMode":0,"name":"Shaded","section":"Shading Mode"},"sceneLighting":false,"audioPlay":false,"sceneViewState":{"showFog":true,"showMaterialUpdate":false,"showSkybox":false,"showFlares":true,"showImageEffects":true,"showParticleSystems":true},"in2DMode":false,"pivot":{"x":0.8829472064971924,"y":-1.7519478797912598,"z":5.13873815536499},"rotation":{"x":0.1492634266614914,"y":0.04803791269659996,"z":-0.007264559157192707,"w":0.9876189827919006},"size":2.8578836917877199,"orthographic":false}